Peptide	Prev AA	Next AA	Start	End	Peptide Length	Charges	Probability	Spectral Count	Intensity	Match Type	Assigned Modifications	Observed Modifications	Protein	Protein ID	Entry Name	Gene	Protein Description	Mapped Genes	Mapped Proteins
KDEEFQRT	K	K	200	207	8	2	0.982	1	2.39360208E8	MS/MS			ensembl_transcript_id=ENST00000381334.10|ensembl_gene_id=ENSG00000134851.13|gene_name=TMEM165|tmd_start=157|tmd_end=176|tmd_seq=VYTYYVSTVLFAIFGIRMLR|ss_nuc_start=678|ss_seq=GAAAAAG|tmd-SS_gap_size=50|ensembl_uniprot_annotation=Q9HC07|blastp_uniprot_annotation=Q9HC07|transcript_canonical_status=Canonical|TMD_dG_app=-0.47|SS_dG_fs=2.48|stem_loop_presence=Yes|fs_type=dual_-1|frame_transition=228|terminal_stop_codon=yes	ensembl_transcript_id=ENST00000381334.10|ensembl_gene_id=ENSG00000134851.13|gene_name=TMEM165|tmd_start=157|tmd_end=176|tmd_seq=VYTYYVSTVLFAIFGIRMLR|ss_nuc_start=678|ss_seq=GAAAAAG|tmd-SS_gap_size=50|ensembl_uniprot_annotation=Q9HC07|blastp_uniprot_annotation=Q9HC07|transcript_canonical_status=Canonical|TMD_dG_app=-0.47|SS_dG_fs=2.48|stem_loop_presence=Yes|fs_type=dual_-1|frame_transition=228|terminal_stop_codon=yes	ensembl_transcript_id=ENST00000381334.10|ensembl_gene_id=ENSG00000134851.13|gene_name=TMEM165|tmd_start=157|tmd_end=176|tmd_seq=VYTYYVSTVLFAIFGIRMLR|ss_nuc_start=678|ss_seq=GAAAAAG|tmd-SS_gap_size=50|ensembl_uniprot_annotation=Q9HC07|blastp_uniprot_annotation=Q9HC07|transcript_canonical_status=Canonical|TMD_dG_app=-0.47|SS_dG_fs=2.48|stem_loop_presence=Yes|fs_type=dual_-1|frame_transition=228|terminal_stop_codon=yes		ensembl_transcript_id=ENST00000381334.10|ensembl_gene_id=ENSG00000134851.13|gene_name=TMEM165|tmd_start=157|tmd_end=176|tmd_seq=VYTYYVSTVLFAIFGIRMLR|ss_nuc_start=678|ss_seq=GAAAAAG|tmd-SS_gap_size=50|ensembl_uniprot_annotation=Q9HC07|blastp_uniprot_annotation=Q9HC07|transcript_canonical_status=Canonical|TMD_dG_app=-0.47|SS_dG_fs=2.48|stem_loop_presence=Yes|fs_type=dual_-1|frame_transition=228|terminal_stop_codon=yes		ensembl_transcript_id=ENST00000381334.10|ensembl_gene_id=ENSG00000134851.13|gene_name=TMEM165|tmd_start=157|tmd_end=176|tmd_seq=VYTYYVSTVLFAIFGIRMLR|ss_nuc_start=678|ss_seq=GAAAAAG|tmd-SS_gap_size=50|ensembl_uniprot_annotation=Q9HC07|blastp_uniprot_annotation=Q9HC07|transcript_canonical_status=Canonical|TMD_dG_app=-0.47|SS_dG_fs=2.48|stem_loop_presence=Yes|fs_type=hungry_-1|frame_transition=227|terminal_stop_codon=yes, ensembl_transcript_id=ENST00000381334.10|ensembl_gene_id=ENSG00000134851.13|gene_name=TMEM165|tmd_start=157|tmd_end=176|tmd_seq=VYTYYVSTVLFAIFGIRMLR|ss_nuc_start=678|ss_seq=GAAAAAG|tmd-SS_gap_size=50|ensembl_uniprot_annotation=Q9HC07|blastp_uniprot_annotation=Q9HC07|transcript_canonical_status=Canonical|TMD_dG_app=-0.47|SS_dG_fs=2.48|stem_loop_presence=Yes|fs_type=hungry_-2|frame_transition=227|terminal_stop_codon=yes, ensembl_transcript_id=ENST00000381334.10|ensembl_gene_id=ENSG00000134851.13|gene_name=TMEM165|tmd_start=157|tmd_end=176|tmd_seq=VYTYYVSTVLFAIFGIRMLR|ss_nuc_start=693|ss_seq=TTTTATT|tmd-SS_gap_size=55|ensembl_uniprot_annotation=Q9HC07|blastp_uniprot_annotation=Q9HC07|transcript_canonical_status=Canonical|TMD_dG_app=-0.47|SS_dG_fs=0.81|stem_loop_presence=Yes|fs_type=dual_-1|frame_transition=233|terminal_stop_codon=yes, ensembl_transcript_id=ENST00000381334.10|ensembl_gene_id=ENSG00000134851.13|gene_name=TMEM165|tmd_start=157|tmd_end=176|tmd_seq=VYTYYVSTVLFAIFGIRMLR|ss_nuc_start=693|ss_seq=TTTTATT|tmd-SS_gap_size=55|ensembl_uniprot_annotation=Q9HC07|blastp_uniprot_annotation=Q9HC07|transcript_canonical_status=Canonical|TMD_dG_app=-0.47|SS_dG_fs=0.81|stem_loop_presence=Yes|fs_type=hungry_-1|frame_transition=232|terminal_stop_codon=yes, ensembl_transcript_id=ENST00000381334.10|ensembl_gene_id=ENSG00000134851.13|gene_name=TMEM165|tmd_start=157|tmd_end=176|tmd_seq=VYTYYVSTVLFAIFGIRMLR|ss_nuc_start=693|ss_seq=TTTTATT|tmd-SS_gap_size=55|ensembl_uniprot_annotation=Q9HC07|blastp_uniprot_annotation=Q9HC07|transcript_canonical_status=Canonical|TMD_dG_app=-0.47|SS_dG_fs=0.81|stem_loop_presence=Yes|fs_type=hungry_-2|frame_transition=232|terminal_stop_codon=yes
KEGIPPDQQRLIFAG	D	K	33	47	15	3	0.9741	1	5.2046971E9	MS/MS			sp|P62979|RS27A_HUMAN	P62979	RS27A_HUMAN	RPS27A	Ubiquitin-40S ribosomal protein S27a		
KEPNSAVFMSNIAPNQSDSFFRTQTSE	Q	K	1009	1035	27	3	1.0	1	4.2128576E7	MS/MS			ensembl_transcript_id=ENST00000680220.1|ensembl_gene_id=ENSG00000174373.17|gene_name=RALGAPA1|tmd_start=1891|tmd_end=1914|tmd_seq=KRLVVSLLLCLLDWIMALPLKTLL|ss_nuc_start=5862|ss_seq=TTTTCCC|tmd-SS_gap_size=40|ensembl_uniprot_annotation=No_uniprot_annotation|blastp_uniprot_annotation=Q6GYQ0|transcript_canonical_status=Canonical|TMD_dG_app=-0.62|SS_dG_fs=1.73|stem_loop_presence=Yes|fs_type=dual_-1|frame_transition=1956|terminal_stop_codon=yes	ensembl_transcript_id=ENST00000680220.1|ensembl_gene_id=ENSG00000174373.17|gene_name=RALGAPA1|tmd_start=1891|tmd_end=1914|tmd_seq=KRLVVSLLLCLLDWIMALPLKTLL|ss_nuc_start=5862|ss_seq=TTTTCCC|tmd-SS_gap_size=40|ensembl_uniprot_annotation=No_uniprot_annotation|blastp_uniprot_annotation=Q6GYQ0|transcript_canonical_status=Canonical|TMD_dG_app=-0.62|SS_dG_fs=1.73|stem_loop_presence=Yes|fs_type=dual_-1|frame_transition=1956|terminal_stop_codon=yes	ensembl_transcript_id=ENST00000680220.1|ensembl_gene_id=ENSG00000174373.17|gene_name=RALGAPA1|tmd_start=1891|tmd_end=1914|tmd_seq=KRLVVSLLLCLLDWIMALPLKTLL|ss_nuc_start=5862|ss_seq=TTTTCCC|tmd-SS_gap_size=40|ensembl_uniprot_annotation=No_uniprot_annotation|blastp_uniprot_annotation=Q6GYQ0|transcript_canonical_status=Canonical|TMD_dG_app=-0.62|SS_dG_fs=1.73|stem_loop_presence=Yes|fs_type=dual_-1|frame_transition=1956|terminal_stop_codon=yes		ensembl_transcript_id=ENST00000680220.1|ensembl_gene_id=ENSG00000174373.17|gene_name=RALGAPA1|tmd_start=1891|tmd_end=1914|tmd_seq=KRLVVSLLLCLLDWIMALPLKTLL|ss_nuc_start=5862|ss_seq=TTTTCCC|tmd-SS_gap_size=40|ensembl_uniprot_annotation=No_uniprot_annotation|blastp_uniprot_annotation=Q6GYQ0|transcript_canonical_status=Canonical|TMD_dG_app=-0.62|SS_dG_fs=1.73|stem_loop_presence=Yes|fs_type=dual_-1|frame_transition=1956|terminal_stop_codon=yes		ensembl_transcript_id=ENST00000680220.1|ensembl_gene_id=ENSG00000174373.17|gene_name=RALGAPA1|tmd_start=1891|tmd_end=1914|tmd_seq=KRLVVSLLLCLLDWIMALPLKTLL|ss_nuc_start=5862|ss_seq=TTTTCCC|tmd-SS_gap_size=40|ensembl_uniprot_annotation=No_uniprot_annotation|blastp_uniprot_annotation=Q6GYQ0|transcript_canonical_status=Canonical|TMD_dG_app=-0.62|SS_dG_fs=1.73|stem_loop_presence=Yes|fs_type=hungry_-1|frame_transition=1955|terminal_stop_codon=yes, ensembl_transcript_id=ENST00000680220.1|ensembl_gene_id=ENSG00000174373.17|gene_name=RALGAPA1|tmd_start=1891|tmd_end=1914|tmd_seq=KRLVVSLLLCLLDWIMALPLKTLL|ss_nuc_start=5862|ss_seq=TTTTCCC|tmd-SS_gap_size=40|ensembl_uniprot_annotation=No_uniprot_annotation|blastp_uniprot_annotation=Q6GYQ0|transcript_canonical_status=Canonical|TMD_dG_app=-0.62|SS_dG_fs=1.73|stem_loop_presence=Yes|fs_type=hungry_-2|frame_transition=1955|terminal_stop_codon=yes, ensembl_transcript_id=ENST00000680220.1|ensembl_gene_id=ENSG00000174373.17|gene_name=RALGAPA1|tmd_start=1891|tmd_end=1914|tmd_seq=KRLVVSLLLCLLDWIMALPLKTLL|ss_nuc_start=5904|ss_seq=TCCTTTT|tmd-SS_gap_size=54|ensembl_uniprot_annotation=No_uniprot_annotation|blastp_uniprot_annotation=Q6GYQ0|transcript_canonical_status=Canonical|TMD_dG_app=-0.62|SS_dG_fs=2.13|stem_loop_presence=Yes|fs_type=dual_-1|frame_transition=1970|terminal_stop_codon=yes, ensembl_transcript_id=ENST00000680220.1|ensembl_gene_id=ENSG00000174373.17|gene_name=RALGAPA1|tmd_start=1891|tmd_end=1914|tmd_seq=KRLVVSLLLCLLDWIMALPLKTLL|ss_nuc_start=5904|ss_seq=TCCTTTT|tmd-SS_gap_size=54|ensembl_uniprot_annotation=No_uniprot_annotation|blastp_uniprot_annotation=Q6GYQ0|transcript_canonical_status=Canonical|TMD_dG_app=-0.62|SS_dG_fs=2.13|stem_loop_presence=Yes|fs_type=hungry_-1|frame_transition=1969|terminal_stop_codon=yes, ensembl_transcript_id=ENST00000680220.1|ensembl_gene_id=ENSG00000174373.17|gene_name=RALGAPA1|tmd_start=1891|tmd_end=1914|tmd_seq=KRLVVSLLLCLLDWIMALPLKTLL|ss_nuc_start=5904|ss_seq=TCCTTTT|tmd-SS_gap_size=54|ensembl_uniprot_annotation=No_uniprot_annotation|blastp_uniprot_annotation=Q6GYQ0|transcript_canonical_status=Canonical|TMD_dG_app=-0.62|SS_dG_fs=2.13|stem_loop_presence=Yes|fs_type=hungry_-2|frame_transition=1969|terminal_stop_codon=yes
KGIEAGSEDIDILPNGLAFFSVGL	I	K	46	69	24	2	0.9995	1	1.01164328E8	MS/MS			ensembl_transcript_id=ENST00000222572.8|ensembl_gene_id=ENSG00000105854.13|gene_name=PON2|tmd_start=1|tmd_end=25|tmd_seq=MGRLVAVGLLGIALALLGERLLALR|ss_nuc_start=201|ss_seq=GGGTCTA|tmd-SS_gap_size=42|ensembl_uniprot_annotation=Q15165|blastp_uniprot_annotation=Q15165|transcript_canonical_status=Canonical|TMD_dG_app=-1.46|SS_dG_fs=2.26|stem_loop_presence=Yes|fs_type=dual_-1|frame_transition=69|terminal_stop_codon=yes	ensembl_transcript_id=ENST00000222572.8|ensembl_gene_id=ENSG00000105854.13|gene_name=PON2|tmd_start=1|tmd_end=25|tmd_seq=MGRLVAVGLLGIALALLGERLLALR|ss_nuc_start=201|ss_seq=GGGTCTA|tmd-SS_gap_size=42|ensembl_uniprot_annotation=Q15165|blastp_uniprot_annotation=Q15165|transcript_canonical_status=Canonical|TMD_dG_app=-1.46|SS_dG_fs=2.26|stem_loop_presence=Yes|fs_type=dual_-1|frame_transition=69|terminal_stop_codon=yes	ensembl_transcript_id=ENST00000222572.8|ensembl_gene_id=ENSG00000105854.13|gene_name=PON2|tmd_start=1|tmd_end=25|tmd_seq=MGRLVAVGLLGIALALLGERLLALR|ss_nuc_start=201|ss_seq=GGGTCTA|tmd-SS_gap_size=42|ensembl_uniprot_annotation=Q15165|blastp_uniprot_annotation=Q15165|transcript_canonical_status=Canonical|TMD_dG_app=-1.46|SS_dG_fs=2.26|stem_loop_presence=Yes|fs_type=dual_-1|frame_transition=69|terminal_stop_codon=yes		ensembl_transcript_id=ENST00000222572.8|ensembl_gene_id=ENSG00000105854.13|gene_name=PON2|tmd_start=1|tmd_end=25|tmd_seq=MGRLVAVGLLGIALALLGERLLALR|ss_nuc_start=201|ss_seq=GGGTCTA|tmd-SS_gap_size=42|ensembl_uniprot_annotation=Q15165|blastp_uniprot_annotation=Q15165|transcript_canonical_status=Canonical|TMD_dG_app=-1.46|SS_dG_fs=2.26|stem_loop_presence=Yes|fs_type=dual_-1|frame_transition=69|terminal_stop_codon=yes		ensembl_transcript_id=ENST00000222572.8|ensembl_gene_id=ENSG00000105854.13|gene_name=PON2|tmd_start=1|tmd_end=25|tmd_seq=MGRLVAVGLLGIALALLGERLLALR|ss_nuc_start=204|ss_seq=TCTAAAA|tmd-SS_gap_size=43|ensembl_uniprot_annotation=Q15165|blastp_uniprot_annotation=Q15165|transcript_canonical_status=Canonical|TMD_dG_app=-1.46|SS_dG_fs=2.00|stem_loop_presence=Yes|fs_type=dual_-1|frame_transition=70|terminal_stop_codon=yes, ensembl_transcript_id=ENST00000222572.8|ensembl_gene_id=ENSG00000105854.13|gene_name=PON2|tmd_start=1|tmd_end=25|tmd_seq=MGRLVAVGLLGIALALLGERLLALR|ss_nuc_start=204|ss_seq=TCTAAAA|tmd-SS_gap_size=43|ensembl_uniprot_annotation=Q15165|blastp_uniprot_annotation=Q15165|transcript_canonical_status=Canonical|TMD_dG_app=-1.46|SS_dG_fs=2.00|stem_loop_presence=Yes|fs_type=hungry_-1|frame_transition=69|terminal_stop_codon=yes, ensembl_transcript_id=ENST00000222572.8|ensembl_gene_id=ENSG00000105854.13|gene_name=PON2|tmd_start=1|tmd_end=25|tmd_seq=MGRLVAVGLLGIALALLGERLLALR|ss_nuc_start=204|ss_seq=TCTAAAA|tmd-SS_gap_size=43|ensembl_uniprot_annotation=Q15165|blastp_uniprot_annotation=Q15165|transcript_canonical_status=Canonical|TMD_dG_app=-1.46|SS_dG_fs=2.00|stem_loop_presence=Yes|fs_type=hungry_-2|frame_transition=69|terminal_stop_codon=yes, ensembl_transcript_id=ENST00000433091.6|ensembl_gene_id=ENSG00000105854.13|gene_name=PON2|tmd_start=1|tmd_end=25|tmd_seq=MGRLVAVGLLGIALALLGERLLALR|ss_nuc_start=201|ss_seq=GGGTCTA|tmd-SS_gap_size=42|ensembl_uniprot_annotation=Q15165|blastp_uniprot_annotation=Q15165|transcript_canonical_status=Alternative|TMD_dG_app=-1.46|SS_dG_fs=2.26|stem_loop_presence=Yes|fs_type=dual_-1|frame_transition=69|terminal_stop_codon=yes, ensembl_transcript_id=ENST00000433091.6|ensembl_gene_id=ENSG00000105854.13|gene_name=PON2|tmd_start=1|tmd_end=25|tmd_seq=MGRLVAVGLLGIALALLGERLLALR|ss_nuc_start=204|ss_seq=TCTAAAA|tmd-SS_gap_size=43|ensembl_uniprot_annotation=Q15165|blastp_uniprot_annotation=Q15165|transcript_canonical_status=Alternative|TMD_dG_app=-1.46|SS_dG_fs=2.00|stem_loop_presence=Yes|fs_type=dual_-1|frame_transition=70|terminal_stop_codon=yes, ensembl_transcript_id=ENST00000433091.6|ensembl_gene_id=ENSG00000105854.13|gene_name=PON2|tmd_start=1|tmd_end=25|tmd_seq=MGRLVAVGLLGIALALLGERLLALR|ss_nuc_start=204|ss_seq=TCTAAAA|tmd-SS_gap_size=43|ensembl_uniprot_annotation=Q15165|blastp_uniprot_annotation=Q15165|transcript_canonical_status=Alternative|TMD_dG_app=-1.46|SS_dG_fs=2.00|stem_loop_presence=Yes|fs_type=hungry_-1|frame_transition=69|terminal_stop_codon=yes, ensembl_transcript_id=ENST00000433091.6|ensembl_gene_id=ENSG00000105854.13|gene_name=PON2|tmd_start=1|tmd_end=25|tmd_seq=MGRLVAVGLLGIALALLGERLLALR|ss_nuc_start=204|ss_seq=TCTAAAA|tmd-SS_gap_size=43|ensembl_uniprot_annotation=Q15165|blastp_uniprot_annotation=Q15165|transcript_canonical_status=Alternative|TMD_dG_app=-1.46|SS_dG_fs=2.00|stem_loop_presence=Yes|fs_type=hungry_-2|frame_transition=69|terminal_stop_codon=yes, ensembl_transcript_id=ENST00000455123.5|ensembl_gene_id=ENSG00000105854.13|gene_name=PON2|tmd_start=1|tmd_end=25|tmd_seq=MGRLVAVGLLGIALALLGERLLALR|ss_nuc_start=201|ss_seq=GGGTCTA|tmd-SS_gap_size=42|ensembl_uniprot_annotation=No_uniprot_annotation|blastp_uniprot_annotation=Q15165|transcript_canonical_status=Alternative|TMD_dG_app=-1.46|SS_dG_fs=2.26|stem_loop_presence=Yes|fs_type=dual_-1|frame_transition=69|terminal_stop_codon=yes, ensembl_transcript_id=ENST00000455123.5|ensembl_gene_id=ENSG00000105854.13|gene_name=PON2|tmd_start=1|tmd_end=25|tmd_seq=MGRLVAVGLLGIALALLGERLLALR|ss_nuc_start=204|ss_seq=TCTAAAA|tmd-SS_gap_size=43|ensembl_uniprot_annotation=No_uniprot_annotation|blastp_uniprot_annotation=Q15165|transcript_canonical_status=Alternative|TMD_dG_app=-1.46|SS_dG_fs=2.00|stem_loop_presence=Yes|fs_type=dual_-1|frame_transition=70|terminal_stop_codon=yes, ensembl_transcript_id=ENST00000455123.5|ensembl_gene_id=ENSG00000105854.13|gene_name=PON2|tmd_start=1|tmd_end=25|tmd_seq=MGRLVAVGLLGIALALLGERLLALR|ss_nuc_start=204|ss_seq=TCTAAAA|tmd-SS_gap_size=43|ensembl_uniprot_annotation=No_uniprot_annotation|blastp_uniprot_annotation=Q15165|transcript_canonical_status=Alternative|TMD_dG_app=-1.46|SS_dG_fs=2.00|stem_loop_presence=Yes|fs_type=hungry_-1|frame_transition=69|terminal_stop_codon=yes, ensembl_transcript_id=ENST00000455123.5|ensembl_gene_id=ENSG00000105854.13|gene_name=PON2|tmd_start=1|tmd_end=25|tmd_seq=MGRLVAVGLLGIALALLGERLLALR|ss_nuc_start=204|ss_seq=TCTAAAA|tmd-SS_gap_size=43|ensembl_uniprot_annotation=No_uniprot_annotation|blastp_uniprot_annotation=Q15165|transcript_canonical_status=Alternative|TMD_dG_app=-1.46|SS_dG_fs=2.00|stem_loop_presence=Yes|fs_type=hungry_-2|frame_transition=69|terminal_stop_codon=yes, ensembl_transcript_id=ENST00000633192.1|ensembl_gene_id=ENSG00000105854.13|gene_name=PON2|tmd_start=21|tmd_end=45|tmd_seq=AMGRLVAVGLLGIALALLGERLLAL|ss_nuc_start=264|ss_seq=GGGTCTA|tmd-SS_gap_size=43|ensembl_uniprot_annotation=No_uniprot_annotation|blastp_uniprot_annotation=Q15165|transcript_canonical_status=Alternative|TMD_dG_app=-1.64|SS_dG_fs=2.26|stem_loop_presence=Yes|fs_type=dual_-1|frame_transition=90|terminal_stop_codon=yes, ensembl_transcript_id=ENST00000633192.1|ensembl_gene_id=ENSG00000105854.13|gene_name=PON2|tmd_start=21|tmd_end=45|tmd_seq=AMGRLVAVGLLGIALALLGERLLAL|ss_nuc_start=267|ss_seq=TCTAAAA|tmd-SS_gap_size=44|ensembl_uniprot_annotation=No_uniprot_annotation|blastp_uniprot_annotation=Q15165|transcript_canonical_status=Alternative|TMD_dG_app=-1.64|SS_dG_fs=2.00|stem_loop_presence=Yes|fs_type=dual_-1|frame_transition=91|terminal_stop_codon=yes, ensembl_transcript_id=ENST00000633192.1|ensembl_gene_id=ENSG00000105854.13|gene_name=PON2|tmd_start=21|tmd_end=45|tmd_seq=AMGRLVAVGLLGIALALLGERLLAL|ss_nuc_start=267|ss_seq=TCTAAAA|tmd-SS_gap_size=44|ensembl_uniprot_annotation=No_uniprot_annotation|blastp_uniprot_annotation=Q15165|transcript_canonical_status=Alternative|TMD_dG_app=-1.64|SS_dG_fs=2.00|stem_loop_presence=Yes|fs_type=hungry_-1|frame_transition=90|terminal_stop_codon=yes, ensembl_transcript_id=ENST00000633192.1|ensembl_gene_id=ENSG00000105854.13|gene_name=PON2|tmd_start=21|tmd_end=45|tmd_seq=AMGRLVAVGLLGIALALLGERLLAL|ss_nuc_start=267|ss_seq=TCTAAAA|tmd-SS_gap_size=44|ensembl_uniprot_annotation=No_uniprot_annotation|blastp_uniprot_annotation=Q15165|transcript_canonical_status=Alternative|TMD_dG_app=-1.64|SS_dG_fs=2.00|stem_loop_presence=Yes|fs_type=hungry_-2|frame_transition=90|terminal_stop_codon=yes
KLNDNHEVEDEVALQR	D	K	365	380	16	3	0.9731	1	944297.5	MS/MS			ensembl_transcript_id=ENST00000718260.1|ensembl_gene_id=ENSG00000198223.19|gene_name=CSF2RA|tmd_start=326|tmd_end=350|tmd_seq=YIYVLLIVGTLVCGIVLGFLFKRFL|ss_nuc_start=1161|ss_seq=AAAGAAT|tmd-SS_gap_size=37|ensembl_uniprot_annotation=No_uniprot_annotation|blastp_uniprot_annotation=P15509|transcript_canonical_status=Alternative|TMD_dG_app=-3.73|SS_dG_fs=2.81|stem_loop_presence=Yes|fs_type=dual_-1|frame_transition=389|terminal_stop_codon=yes	ensembl_transcript_id=ENST00000718260.1|ensembl_gene_id=ENSG00000198223.19|gene_name=CSF2RA|tmd_start=326|tmd_end=350|tmd_seq=YIYVLLIVGTLVCGIVLGFLFKRFL|ss_nuc_start=1161|ss_seq=AAAGAAT|tmd-SS_gap_size=37|ensembl_uniprot_annotation=No_uniprot_annotation|blastp_uniprot_annotation=P15509|transcript_canonical_status=Alternative|TMD_dG_app=-3.73|SS_dG_fs=2.81|stem_loop_presence=Yes|fs_type=dual_-1|frame_transition=389|terminal_stop_codon=yes	ensembl_transcript_id=ENST00000718260.1|ensembl_gene_id=ENSG00000198223.19|gene_name=CSF2RA|tmd_start=326|tmd_end=350|tmd_seq=YIYVLLIVGTLVCGIVLGFLFKRFL|ss_nuc_start=1161|ss_seq=AAAGAAT|tmd-SS_gap_size=37|ensembl_uniprot_annotation=No_uniprot_annotation|blastp_uniprot_annotation=P15509|transcript_canonical_status=Alternative|TMD_dG_app=-3.73|SS_dG_fs=2.81|stem_loop_presence=Yes|fs_type=dual_-1|frame_transition=389|terminal_stop_codon=yes		ensembl_transcript_id=ENST00000718260.1|ensembl_gene_id=ENSG00000198223.19|gene_name=CSF2RA|tmd_start=326|tmd_end=350|tmd_seq=YIYVLLIVGTLVCGIVLGFLFKRFL|ss_nuc_start=1161|ss_seq=AAAGAAT|tmd-SS_gap_size=37|ensembl_uniprot_annotation=No_uniprot_annotation|blastp_uniprot_annotation=P15509|transcript_canonical_status=Alternative|TMD_dG_app=-3.73|SS_dG_fs=2.81|stem_loop_presence=Yes|fs_type=dual_-1|frame_transition=389|terminal_stop_codon=yes		ensembl_transcript_id=ENST00000718260.1|ensembl_gene_id=ENSG00000198223.19|gene_name=CSF2RA|tmd_start=326|tmd_end=350|tmd_seq=YIYVLLIVGTLVCGIVLGFLFKRFL|ss_nuc_start=1161|ss_seq=AAAGAAT|tmd-SS_gap_size=37|ensembl_uniprot_annotation=No_uniprot_annotation|blastp_uniprot_annotation=P15509|transcript_canonical_status=Alternative|TMD_dG_app=-3.73|SS_dG_fs=2.81|stem_loop_presence=Yes|fs_type=hungry_-1|frame_transition=388|terminal_stop_codon=yes, ensembl_transcript_id=ENST00000718260.1|ensembl_gene_id=ENSG00000198223.19|gene_name=CSF2RA|tmd_start=326|tmd_end=350|tmd_seq=YIYVLLIVGTLVCGIVLGFLFKRFL|ss_nuc_start=1161|ss_seq=AAAGAAT|tmd-SS_gap_size=37|ensembl_uniprot_annotation=No_uniprot_annotation|blastp_uniprot_annotation=P15509|transcript_canonical_status=Alternative|TMD_dG_app=-3.73|SS_dG_fs=2.81|stem_loop_presence=Yes|fs_type=hungry_-2|frame_transition=388|terminal_stop_codon=yes, ensembl_transcript_id=ENST00000850689.1|ensembl_gene_id=ENSG00000292357.2|gene_name=CSF2RA|tmd_start=326|tmd_end=350|tmd_seq=YIYVLLIVGTLVCGIVLGFLFKRFL|ss_nuc_start=1161|ss_seq=AAAGAAT|tmd-SS_gap_size=37|ensembl_uniprot_annotation=No_uniprot_annotation|blastp_uniprot_annotation=P15509|transcript_canonical_status=Alternative|TMD_dG_app=-3.73|SS_dG_fs=2.81|stem_loop_presence=Yes|fs_type=dual_-1|frame_transition=389|terminal_stop_codon=yes, ensembl_transcript_id=ENST00000850689.1|ensembl_gene_id=ENSG00000292357.2|gene_name=CSF2RA|tmd_start=326|tmd_end=350|tmd_seq=YIYVLLIVGTLVCGIVLGFLFKRFL|ss_nuc_start=1161|ss_seq=AAAGAAT|tmd-SS_gap_size=37|ensembl_uniprot_annotation=No_uniprot_annotation|blastp_uniprot_annotation=P15509|transcript_canonical_status=Alternative|TMD_dG_app=-3.73|SS_dG_fs=2.81|stem_loop_presence=Yes|fs_type=hungry_-1|frame_transition=388|terminal_stop_codon=yes, ensembl_transcript_id=ENST00000850689.1|ensembl_gene_id=ENSG00000292357.2|gene_name=CSF2RA|tmd_start=326|tmd_end=350|tmd_seq=YIYVLLIVGTLVCGIVLGFLFKRFL|ss_nuc_start=1161|ss_seq=AAAGAAT|tmd-SS_gap_size=37|ensembl_uniprot_annotation=No_uniprot_annotation|blastp_uniprot_annotation=P15509|transcript_canonical_status=Alternative|TMD_dG_app=-3.73|SS_dG_fs=2.81|stem_loop_presence=Yes|fs_type=hungry_-2|frame_transition=388|terminal_stop_codon=yes
KLVVVDFSATWCGPC	D	K	21	35	15	2	0.979	1	4.2875712E7	MS/MS	12C(57.0215),15C(57.0215)		sp|P10599|THIO_HUMAN	P10599	THIO_HUMAN	TXN	Thioredoxin		
KSCGECIQAGPNCGWCTNSEGMPTSARCDDLEAL	A	K	33	66	34	3	0.9947	1	1.7687166E7	MS/MS	13C(57.0215),16C(57.0215),28C(57.0215),3C(57.0215),6C(57.0215)		ensembl_transcript_id=ENST00000678591.1|ensembl_gene_id=ENSG00000150093.20|gene_name=ITGB1|tmd_start=728|tmd_end=752|tmd_seq=IVAGVVAGIVLIGLALLLIWKLLMI|ss_nuc_start=2376|ss_seq=GGGAAAA|tmd-SS_gap_size=40|ensembl_uniprot_annotation=No_uniprot_annotation|blastp_uniprot_annotation=P05556|transcript_canonical_status=Alternative|TMD_dG_app=-3.69|SS_dG_fs=0.55|stem_loop_presence=No|fs_type=dual_-1|frame_transition=794|terminal_stop_codon=no	ensembl_transcript_id=ENST00000678591.1|ensembl_gene_id=ENSG00000150093.20|gene_name=ITGB1|tmd_start=728|tmd_end=752|tmd_seq=IVAGVVAGIVLIGLALLLIWKLLMI|ss_nuc_start=2376|ss_seq=GGGAAAA|tmd-SS_gap_size=40|ensembl_uniprot_annotation=No_uniprot_annotation|blastp_uniprot_annotation=P05556|transcript_canonical_status=Alternative|TMD_dG_app=-3.69|SS_dG_fs=0.55|stem_loop_presence=No|fs_type=dual_-1|frame_transition=794|terminal_stop_codon=no	ensembl_transcript_id=ENST00000678591.1|ensembl_gene_id=ENSG00000150093.20|gene_name=ITGB1|tmd_start=728|tmd_end=752|tmd_seq=IVAGVVAGIVLIGLALLLIWKLLMI|ss_nuc_start=2376|ss_seq=GGGAAAA|tmd-SS_gap_size=40|ensembl_uniprot_annotation=No_uniprot_annotation|blastp_uniprot_annotation=P05556|transcript_canonical_status=Alternative|TMD_dG_app=-3.69|SS_dG_fs=0.55|stem_loop_presence=No|fs_type=dual_-1|frame_transition=794|terminal_stop_codon=no		ensembl_transcript_id=ENST00000678591.1|ensembl_gene_id=ENSG00000150093.20|gene_name=ITGB1|tmd_start=728|tmd_end=752|tmd_seq=IVAGVVAGIVLIGLALLLIWKLLMI|ss_nuc_start=2376|ss_seq=GGGAAAA|tmd-SS_gap_size=40|ensembl_uniprot_annotation=No_uniprot_annotation|blastp_uniprot_annotation=P05556|transcript_canonical_status=Alternative|TMD_dG_app=-3.69|SS_dG_fs=0.55|stem_loop_presence=No|fs_type=dual_-1|frame_transition=794|terminal_stop_codon=no		ensembl_transcript_id=ENST00000678591.1|ensembl_gene_id=ENSG00000150093.20|gene_name=ITGB1|tmd_start=3|tmd_end=20|tmd_seq=LQPIFWIGLISSVCCVFA|ss_nuc_start=195|ss_seq=CTTAAAA|tmd-SS_gap_size=45|ensembl_uniprot_annotation=No_uniprot_annotation|blastp_uniprot_annotation=P05556|transcript_canonical_status=Alternative|TMD_dG_app=1.20|SS_dG_fs=1.58|stem_loop_presence=Yes|fs_type=dual_-1|frame_transition=67|terminal_stop_codon=yes, ensembl_transcript_id=ENST00000678591.1|ensembl_gene_id=ENSG00000150093.20|gene_name=ITGB1|tmd_start=3|tmd_end=20|tmd_seq=LQPIFWIGLISSVCCVFA|ss_nuc_start=195|ss_seq=CTTAAAA|tmd-SS_gap_size=45|ensembl_uniprot_annotation=No_uniprot_annotation|blastp_uniprot_annotation=P05556|transcript_canonical_status=Alternative|TMD_dG_app=1.20|SS_dG_fs=1.58|stem_loop_presence=Yes|fs_type=hungry_-1|frame_transition=66|terminal_stop_codon=yes, ensembl_transcript_id=ENST00000678591.1|ensembl_gene_id=ENSG00000150093.20|gene_name=ITGB1|tmd_start=3|tmd_end=20|tmd_seq=LQPIFWIGLISSVCCVFA|ss_nuc_start=195|ss_seq=CTTAAAA|tmd-SS_gap_size=45|ensembl_uniprot_annotation=No_uniprot_annotation|blastp_uniprot_annotation=P05556|transcript_canonical_status=Alternative|TMD_dG_app=1.20|SS_dG_fs=1.58|stem_loop_presence=Yes|fs_type=hungry_-2|frame_transition=66|terminal_stop_codon=yes, ensembl_transcript_id=ENST00000678591.1|ensembl_gene_id=ENSG00000150093.20|gene_name=ITGB1|tmd_start=3|tmd_end=20|tmd_seq=LQPIFWIGLISSVCCVFA|ss_nuc_start=198|ss_seq=AAAAAAG|tmd-SS_gap_size=46|ensembl_uniprot_annotation=No_uniprot_annotation|blastp_uniprot_annotation=P05556|transcript_canonical_status=Alternative|TMD_dG_app=1.20|SS_dG_fs=2.10|stem_loop_presence=Yes|fs_type=dual_-1|frame_transition=68|terminal_stop_codon=yes, ensembl_transcript_id=ENST00000678591.1|ensembl_gene_id=ENSG00000150093.20|gene_name=ITGB1|tmd_start=3|tmd_end=20|tmd_seq=LQPIFWIGLISSVCCVFA|ss_nuc_start=198|ss_seq=AAAAAAG|tmd-SS_gap_size=46|ensembl_uniprot_annotation=No_uniprot_annotation|blastp_uniprot_annotation=P05556|transcript_canonical_status=Alternative|TMD_dG_app=1.20|SS_dG_fs=2.10|stem_loop_presence=Yes|fs_type=hungry_-1|frame_transition=67|terminal_stop_codon=yes, ensembl_transcript_id=ENST00000678591.1|ensembl_gene_id=ENSG00000150093.20|gene_name=ITGB1|tmd_start=3|tmd_end=20|tmd_seq=LQPIFWIGLISSVCCVFA|ss_nuc_start=198|ss_seq=AAAAAAG|tmd-SS_gap_size=46|ensembl_uniprot_annotation=No_uniprot_annotation|blastp_uniprot_annotation=P05556|transcript_canonical_status=Alternative|TMD_dG_app=1.20|SS_dG_fs=2.10|stem_loop_presence=Yes|fs_type=hungry_-2|frame_transition=67|terminal_stop_codon=yes, ensembl_transcript_id=ENST00000678591.1|ensembl_gene_id=ENSG00000150093.20|gene_name=ITGB1|tmd_start=3|tmd_end=20|tmd_seq=LQPIFWIGLISSVCCVFA|ss_nuc_start=204|ss_seq=GAAGGGT|tmd-SS_gap_size=48|ensembl_uniprot_annotation=No_uniprot_annotation|blastp_uniprot_annotation=P05556|transcript_canonical_status=Alternative|TMD_dG_app=1.20|SS_dG_fs=2.74|stem_loop_presence=Yes|fs_type=dual_-1|frame_transition=70|terminal_stop_codon=yes, ensembl_transcript_id=ENST00000678591.1|ensembl_gene_id=ENSG00000150093.20|gene_name=ITGB1|tmd_start=3|tmd_end=20|tmd_seq=LQPIFWIGLISSVCCVFA|ss_nuc_start=204|ss_seq=GAAGGGT|tmd-SS_gap_size=48|ensembl_uniprot_annotation=No_uniprot_annotation|blastp_uniprot_annotation=P05556|transcript_canonical_status=Alternative|TMD_dG_app=1.20|SS_dG_fs=2.74|stem_loop_presence=Yes|fs_type=hungry_-1|frame_transition=69|terminal_stop_codon=yes, ensembl_transcript_id=ENST00000678591.1|ensembl_gene_id=ENSG00000150093.20|gene_name=ITGB1|tmd_start=3|tmd_end=20|tmd_seq=LQPIFWIGLISSVCCVFA|ss_nuc_start=204|ss_seq=GAAGGGT|tmd-SS_gap_size=48|ensembl_uniprot_annotation=No_uniprot_annotation|blastp_uniprot_annotation=P05556|transcript_canonical_status=Alternative|TMD_dG_app=1.20|SS_dG_fs=2.74|stem_loop_presence=Yes|fs_type=hungry_-2|frame_transition=69|terminal_stop_codon=yes, ensembl_transcript_id=ENST00000678591.1|ensembl_gene_id=ENSG00000150093.20|gene_name=ITGB1|tmd_start=728|tmd_end=752|tmd_seq=IVAGVVAGIVLIGLALLLIWKLLMI|ss_nuc_start=2376|ss_seq=GGGAAAA|tmd-SS_gap_size=40|ensembl_uniprot_annotation=No_uniprot_annotation|blastp_uniprot_annotation=P05556|transcript_canonical_status=Alternative|TMD_dG_app=-3.69|SS_dG_fs=0.55|stem_loop_presence=No|fs_type=hungry_-1|frame_transition=793|terminal_stop_codon=no, ensembl_transcript_id=ENST00000678591.1|ensembl_gene_id=ENSG00000150093.20|gene_name=ITGB1|tmd_start=728|tmd_end=752|tmd_seq=IVAGVVAGIVLIGLALLLIWKLLMI|ss_nuc_start=2376|ss_seq=GGGAAAA|tmd-SS_gap_size=40|ensembl_uniprot_annotation=No_uniprot_annotation|blastp_uniprot_annotation=P05556|transcript_canonical_status=Alternative|TMD_dG_app=-3.69|SS_dG_fs=0.55|stem_loop_presence=No|fs_type=hungry_-2|frame_transition=793|terminal_stop_codon=no
KSIQSGPLKISSVSEVMK	K	K	102	119	18	3	0.9879	1	2.0043768E8	MS/MS			ensembl_transcript_id=ENST00000409051.6|ensembl_gene_id=ENSG00000132305.22|gene_name=IMMT|tmd_start=46|tmd_end=67|tmd_seq=IAGAGLLFVGGGIGGTILYAKW|ss_nuc_start=354|ss_seq=GAAAGAA|tmd-SS_gap_size=51|ensembl_uniprot_annotation=No_uniprot_annotation|blastp_uniprot_annotation=Q16891|transcript_canonical_status=Alternative|TMD_dG_app=0.37|SS_dG_fs=2.84|stem_loop_presence=Yes|fs_type=hungry_-2|frame_transition=119|terminal_stop_codon=yes	ensembl_transcript_id=ENST00000409051.6|ensembl_gene_id=ENSG00000132305.22|gene_name=IMMT|tmd_start=46|tmd_end=67|tmd_seq=IAGAGLLFVGGGIGGTILYAKW|ss_nuc_start=354|ss_seq=GAAAGAA|tmd-SS_gap_size=51|ensembl_uniprot_annotation=No_uniprot_annotation|blastp_uniprot_annotation=Q16891|transcript_canonical_status=Alternative|TMD_dG_app=0.37|SS_dG_fs=2.84|stem_loop_presence=Yes|fs_type=hungry_-2|frame_transition=119|terminal_stop_codon=yes	ensembl_transcript_id=ENST00000409051.6|ensembl_gene_id=ENSG00000132305.22|gene_name=IMMT|tmd_start=46|tmd_end=67|tmd_seq=IAGAGLLFVGGGIGGTILYAKW|ss_nuc_start=354|ss_seq=GAAAGAA|tmd-SS_gap_size=51|ensembl_uniprot_annotation=No_uniprot_annotation|blastp_uniprot_annotation=Q16891|transcript_canonical_status=Alternative|TMD_dG_app=0.37|SS_dG_fs=2.84|stem_loop_presence=Yes|fs_type=hungry_-2|frame_transition=119|terminal_stop_codon=yes		ensembl_transcript_id=ENST00000409051.6|ensembl_gene_id=ENSG00000132305.22|gene_name=IMMT|tmd_start=46|tmd_end=67|tmd_seq=IAGAGLLFVGGGIGGTILYAKW|ss_nuc_start=354|ss_seq=GAAAGAA|tmd-SS_gap_size=51|ensembl_uniprot_annotation=No_uniprot_annotation|blastp_uniprot_annotation=Q16891|transcript_canonical_status=Alternative|TMD_dG_app=0.37|SS_dG_fs=2.84|stem_loop_presence=Yes|fs_type=hungry_-2|frame_transition=119|terminal_stop_codon=yes		ensembl_transcript_id=ENST00000409258.2|ensembl_gene_id=ENSG00000132305.22|gene_name=IMMT|tmd_start=46|tmd_end=67|tmd_seq=IAGAGLLFVGGGIGGTILYAKW|ss_nuc_start=354|ss_seq=GAAAGAA|tmd-SS_gap_size=51|ensembl_uniprot_annotation=No_uniprot_annotation|blastp_uniprot_annotation=Q16891|transcript_canonical_status=Alternative|TMD_dG_app=0.37|SS_dG_fs=2.84|stem_loop_presence=Yes|fs_type=hungry_-2|frame_transition=119|terminal_stop_codon=no, ensembl_transcript_id=ENST00000410111.8|ensembl_gene_id=ENSG00000132305.22|gene_name=IMMT|tmd_start=46|tmd_end=67|tmd_seq=IAGAGLLFVGGGIGGTILYAKW|ss_nuc_start=354|ss_seq=GAAAGAA|tmd-SS_gap_size=51|ensembl_uniprot_annotation=Q16891|blastp_uniprot_annotation=Q16891|transcript_canonical_status=Canonical|TMD_dG_app=0.37|SS_dG_fs=2.84|stem_loop_presence=Yes|fs_type=hungry_-2|frame_transition=119|terminal_stop_codon=yes, ensembl_transcript_id=ENST00000442664.6|ensembl_gene_id=ENSG00000132305.22|gene_name=IMMT|tmd_start=46|tmd_end=67|tmd_seq=IAGAGLLFVGGGIGGTILYAKW|ss_nuc_start=354|ss_seq=GAAAGAA|tmd-SS_gap_size=51|ensembl_uniprot_annotation=Q16891|blastp_uniprot_annotation=Q16891|transcript_canonical_status=Alternative|TMD_dG_app=0.37|SS_dG_fs=2.84|stem_loop_presence=Yes|fs_type=hungry_-2|frame_transition=119|terminal_stop_codon=yes, ensembl_transcript_id=ENST00000449247.6|ensembl_gene_id=ENSG00000132305.22|gene_name=IMMT|tmd_start=46|tmd_end=67|tmd_seq=IAGAGLLFVGGGIGGTILYAKW|ss_nuc_start=354|ss_seq=GAAAGAA|tmd-SS_gap_size=51|ensembl_uniprot_annotation=Q16891|blastp_uniprot_annotation=Q16891|transcript_canonical_status=Alternative|TMD_dG_app=0.37|SS_dG_fs=2.84|stem_loop_presence=Yes|fs_type=hungry_-2|frame_transition=119|terminal_stop_codon=yes
KSVCPVTSGFSSPSPSAAAAAQEVRSATDGNTSTTPPTSAK	M	K	2	42	41	4	0.9914	1	2.7846198E7	MS/MS	4C(57.0215)		ensembl_transcript_id=ENST00000336592.11|ensembl_gene_id=ENSG00000158290.19|gene_name=CUL4B|tmd_start=4|tmd_end=22|tmd_seq=VCPVTSGFSSPSPSAAAAA|ss_nuc_start=219|ss_seq=TCCTTTA|tmd-SS_gap_size=51|ensembl_uniprot_annotation=No_uniprot_annotation|blastp_uniprot_annotation=Q13620|transcript_canonical_status=Alternative|TMD_dG_app=7.27|SS_dG_fs=2.43|stem_loop_presence=Yes|fs_type=dual_-1|frame_transition=75|terminal_stop_codon=yes	ensembl_transcript_id=ENST00000336592.11|ensembl_gene_id=ENSG00000158290.19|gene_name=CUL4B|tmd_start=4|tmd_end=22|tmd_seq=VCPVTSGFSSPSPSAAAAA|ss_nuc_start=219|ss_seq=TCCTTTA|tmd-SS_gap_size=51|ensembl_uniprot_annotation=No_uniprot_annotation|blastp_uniprot_annotation=Q13620|transcript_canonical_status=Alternative|TMD_dG_app=7.27|SS_dG_fs=2.43|stem_loop_presence=Yes|fs_type=dual_-1|frame_transition=75|terminal_stop_codon=yes	ensembl_transcript_id=ENST00000336592.11|ensembl_gene_id=ENSG00000158290.19|gene_name=CUL4B|tmd_start=4|tmd_end=22|tmd_seq=VCPVTSGFSSPSPSAAAAA|ss_nuc_start=219|ss_seq=TCCTTTA|tmd-SS_gap_size=51|ensembl_uniprot_annotation=No_uniprot_annotation|blastp_uniprot_annotation=Q13620|transcript_canonical_status=Alternative|TMD_dG_app=7.27|SS_dG_fs=2.43|stem_loop_presence=Yes|fs_type=dual_-1|frame_transition=75|terminal_stop_codon=yes		ensembl_transcript_id=ENST00000336592.11|ensembl_gene_id=ENSG00000158290.19|gene_name=CUL4B|tmd_start=4|tmd_end=22|tmd_seq=VCPVTSGFSSPSPSAAAAA|ss_nuc_start=219|ss_seq=TCCTTTA|tmd-SS_gap_size=51|ensembl_uniprot_annotation=No_uniprot_annotation|blastp_uniprot_annotation=Q13620|transcript_canonical_status=Alternative|TMD_dG_app=7.27|SS_dG_fs=2.43|stem_loop_presence=Yes|fs_type=dual_-1|frame_transition=75|terminal_stop_codon=yes		ensembl_transcript_id=ENST00000336592.11|ensembl_gene_id=ENSG00000158290.19|gene_name=CUL4B|tmd_start=4|tmd_end=22|tmd_seq=VCPVTSGFSSPSPSAAAAA|ss_nuc_start=219|ss_seq=TCCTTTA|tmd-SS_gap_size=51|ensembl_uniprot_annotation=No_uniprot_annotation|blastp_uniprot_annotation=Q13620|transcript_canonical_status=Alternative|TMD_dG_app=7.27|SS_dG_fs=2.43|stem_loop_presence=Yes|fs_type=hungry_-1|frame_transition=74|terminal_stop_codon=yes, ensembl_transcript_id=ENST00000336592.11|ensembl_gene_id=ENSG00000158290.19|gene_name=CUL4B|tmd_start=4|tmd_end=22|tmd_seq=VCPVTSGFSSPSPSAAAAA|ss_nuc_start=219|ss_seq=TCCTTTA|tmd-SS_gap_size=51|ensembl_uniprot_annotation=No_uniprot_annotation|blastp_uniprot_annotation=Q13620|transcript_canonical_status=Alternative|TMD_dG_app=7.27|SS_dG_fs=2.43|stem_loop_presence=Yes|fs_type=hungry_-2|frame_transition=74|terminal_stop_codon=yes, ensembl_transcript_id=ENST00000336592.11|ensembl_gene_id=ENSG00000158290.19|gene_name=CUL4B|tmd_start=4|tmd_end=22|tmd_seq=VCPVTSGFSSPSPSAAAAA|ss_nuc_start=222|ss_seq=TTTACAA|tmd-SS_gap_size=52|ensembl_uniprot_annotation=No_uniprot_annotation|blastp_uniprot_annotation=Q13620|transcript_canonical_status=Alternative|TMD_dG_app=7.27|SS_dG_fs=2.32|stem_loop_presence=Yes|fs_type=dual_-1|frame_transition=76|terminal_stop_codon=yes, ensembl_transcript_id=ENST00000336592.11|ensembl_gene_id=ENSG00000158290.19|gene_name=CUL4B|tmd_start=4|tmd_end=22|tmd_seq=VCPVTSGFSSPSPSAAAAA|ss_nuc_start=222|ss_seq=TTTACAA|tmd-SS_gap_size=52|ensembl_uniprot_annotation=No_uniprot_annotation|blastp_uniprot_annotation=Q13620|transcript_canonical_status=Alternative|TMD_dG_app=7.27|SS_dG_fs=2.32|stem_loop_presence=Yes|fs_type=hungry_-1|frame_transition=75|terminal_stop_codon=yes, ensembl_transcript_id=ENST00000336592.11|ensembl_gene_id=ENSG00000158290.19|gene_name=CUL4B|tmd_start=4|tmd_end=22|tmd_seq=VCPVTSGFSSPSPSAAAAA|ss_nuc_start=222|ss_seq=TTTACAA|tmd-SS_gap_size=52|ensembl_uniprot_annotation=No_uniprot_annotation|blastp_uniprot_annotation=Q13620|transcript_canonical_status=Alternative|TMD_dG_app=7.27|SS_dG_fs=2.32|stem_loop_presence=Yes|fs_type=hungry_-2|frame_transition=75|terminal_stop_codon=yes, ensembl_transcript_id=ENST00000681206.1|ensembl_gene_id=ENSG00000158290.19|gene_name=CUL4B|tmd_start=4|tmd_end=22|tmd_seq=VCPVTSGFSSPSPSAAAAA|ss_nuc_start=219|ss_seq=TCCTTTA|tmd-SS_gap_size=51|ensembl_uniprot_annotation=No_uniprot_annotation|blastp_uniprot_annotation=Q13620|transcript_canonical_status=Alternative|TMD_dG_app=7.27|SS_dG_fs=2.43|stem_loop_presence=Yes|fs_type=dual_-1|frame_transition=75|terminal_stop_codon=yes, ensembl_transcript_id=ENST00000681206.1|ensembl_gene_id=ENSG00000158290.19|gene_name=CUL4B|tmd_start=4|tmd_end=22|tmd_seq=VCPVTSGFSSPSPSAAAAA|ss_nuc_start=219|ss_seq=TCCTTTA|tmd-SS_gap_size=51|ensembl_uniprot_annotation=No_uniprot_annotation|blastp_uniprot_annotation=Q13620|transcript_canonical_status=Alternative|TMD_dG_app=7.27|SS_dG_fs=2.43|stem_loop_presence=Yes|fs_type=hungry_-1|frame_transition=74|terminal_stop_codon=yes, ensembl_transcript_id=ENST00000681206.1|ensembl_gene_id=ENSG00000158290.19|gene_name=CUL4B|tmd_start=4|tmd_end=22|tmd_seq=VCPVTSGFSSPSPSAAAAA|ss_nuc_start=219|ss_seq=TCCTTTA|tmd-SS_gap_size=51|ensembl_uniprot_annotation=No_uniprot_annotation|blastp_uniprot_annotation=Q13620|transcript_canonical_status=Alternative|TMD_dG_app=7.27|SS_dG_fs=2.43|stem_loop_presence=Yes|fs_type=hungry_-2|frame_transition=74|terminal_stop_codon=yes, ensembl_transcript_id=ENST00000681206.1|ensembl_gene_id=ENSG00000158290.19|gene_name=CUL4B|tmd_start=4|tmd_end=22|tmd_seq=VCPVTSGFSSPSPSAAAAA|ss_nuc_start=222|ss_seq=TTTACAA|tmd-SS_gap_size=52|ensembl_uniprot_annotation=No_uniprot_annotation|blastp_uniprot_annotation=Q13620|transcript_canonical_status=Alternative|TMD_dG_app=7.27|SS_dG_fs=2.32|stem_loop_presence=Yes|fs_type=dual_-1|frame_transition=76|terminal_stop_codon=yes, ensembl_transcript_id=ENST00000681206.1|ensembl_gene_id=ENSG00000158290.19|gene_name=CUL4B|tmd_start=4|tmd_end=22|tmd_seq=VCPVTSGFSSPSPSAAAAA|ss_nuc_start=222|ss_seq=TTTACAA|tmd-SS_gap_size=52|ensembl_uniprot_annotation=No_uniprot_annotation|blastp_uniprot_annotation=Q13620|transcript_canonical_status=Alternative|TMD_dG_app=7.27|SS_dG_fs=2.32|stem_loop_presence=Yes|fs_type=hungry_-1|frame_transition=75|terminal_stop_codon=yes, ensembl_transcript_id=ENST00000681206.1|ensembl_gene_id=ENSG00000158290.19|gene_name=CUL4B|tmd_start=4|tmd_end=22|tmd_seq=VCPVTSGFSSPSPSAAAAA|ss_nuc_start=222|ss_seq=TTTACAA|tmd-SS_gap_size=52|ensembl_uniprot_annotation=No_uniprot_annotation|blastp_uniprot_annotation=Q13620|transcript_canonical_status=Alternative|TMD_dG_app=7.27|SS_dG_fs=2.32|stem_loop_presence=Yes|fs_type=hungry_-2|frame_transition=75|terminal_stop_codon=yes
KWVGTIHGAAGTVYEDLRY	F	K	61	79	19	4	0.978	1	936262.94	MS/MS			sp|O00762|UBE2C_HUMAN	O00762	UBE2C_HUMAN	UBE2C	Ubiquitin-conjugating enzyme E2 C		
MLEHLSSLPTQMDYKGQ	-	K	1	17	17	2,3	0.9876	1	1.8970048E7	MS/MS	1M(15.9949)		ensembl_transcript_id=ENST00000619898.5|ensembl_gene_id=ENSG00000114902.14|gene_name=SPCS1|tmd_start=45|tmd_end=64|tmd_seq=FGWTVYIVMAGFAFSCLLTL|ss_nuc_start=297|ss_seq=TAAAAAT|tmd-SS_gap_size=35|ensembl_uniprot_annotation=No_uniprot_annotation|blastp_uniprot_annotation=Q9Y6A9|transcript_canonical_status=Canonical|TMD_dG_app=-0.89|SS_dG_fs=1.26|stem_loop_presence=No|fs_type=dual_-1|frame_transition=101|terminal_stop_codon=yes	ensembl_transcript_id=ENST00000619898.5|ensembl_gene_id=ENSG00000114902.14|gene_name=SPCS1|tmd_start=45|tmd_end=64|tmd_seq=FGWTVYIVMAGFAFSCLLTL|ss_nuc_start=297|ss_seq=TAAAAAT|tmd-SS_gap_size=35|ensembl_uniprot_annotation=No_uniprot_annotation|blastp_uniprot_annotation=Q9Y6A9|transcript_canonical_status=Canonical|TMD_dG_app=-0.89|SS_dG_fs=1.26|stem_loop_presence=No|fs_type=dual_-1|frame_transition=101|terminal_stop_codon=yes	ensembl_transcript_id=ENST00000619898.5|ensembl_gene_id=ENSG00000114902.14|gene_name=SPCS1|tmd_start=45|tmd_end=64|tmd_seq=FGWTVYIVMAGFAFSCLLTL|ss_nuc_start=297|ss_seq=TAAAAAT|tmd-SS_gap_size=35|ensembl_uniprot_annotation=No_uniprot_annotation|blastp_uniprot_annotation=Q9Y6A9|transcript_canonical_status=Canonical|TMD_dG_app=-0.89|SS_dG_fs=1.26|stem_loop_presence=No|fs_type=dual_-1|frame_transition=101|terminal_stop_codon=yes		ensembl_transcript_id=ENST00000619898.5|ensembl_gene_id=ENSG00000114902.14|gene_name=SPCS1|tmd_start=45|tmd_end=64|tmd_seq=FGWTVYIVMAGFAFSCLLTL|ss_nuc_start=297|ss_seq=TAAAAAT|tmd-SS_gap_size=35|ensembl_uniprot_annotation=No_uniprot_annotation|blastp_uniprot_annotation=Q9Y6A9|transcript_canonical_status=Canonical|TMD_dG_app=-0.89|SS_dG_fs=1.26|stem_loop_presence=No|fs_type=dual_-1|frame_transition=101|terminal_stop_codon=yes		ensembl_transcript_id=ENST00000619898.5|ensembl_gene_id=ENSG00000114902.14|gene_name=SPCS1|tmd_start=45|tmd_end=64|tmd_seq=FGWTVYIVMAGFAFSCLLTL|ss_nuc_start=297|ss_seq=TAAAAAT|tmd-SS_gap_size=35|ensembl_uniprot_annotation=No_uniprot_annotation|blastp_uniprot_annotation=Q9Y6A9|transcript_canonical_status=Canonical|TMD_dG_app=-0.89|SS_dG_fs=1.26|stem_loop_presence=No|fs_type=hungry_-1|frame_transition=100|terminal_stop_codon=yes, ensembl_transcript_id=ENST00000619898.5|ensembl_gene_id=ENSG00000114902.14|gene_name=SPCS1|tmd_start=45|tmd_end=64|tmd_seq=FGWTVYIVMAGFAFSCLLTL|ss_nuc_start=297|ss_seq=TAAAAAT|tmd-SS_gap_size=35|ensembl_uniprot_annotation=No_uniprot_annotation|blastp_uniprot_annotation=Q9Y6A9|transcript_canonical_status=Canonical|TMD_dG_app=-0.89|SS_dG_fs=1.26|stem_loop_presence=No|fs_type=hungry_-2|frame_transition=100|terminal_stop_codon=no, ensembl_transcript_id=ENST00000619898.5|ensembl_gene_id=ENSG00000114902.14|gene_name=SPCS1|tmd_start=45|tmd_end=64|tmd_seq=FGWTVYIVMAGFAFSCLLTL|ss_nuc_start=300|ss_seq=AAATAAT|tmd-SS_gap_size=36|ensembl_uniprot_annotation=No_uniprot_annotation|blastp_uniprot_annotation=Q9Y6A9|transcript_canonical_status=Canonical|TMD_dG_app=-0.89|SS_dG_fs=2.14|stem_loop_presence=No|fs_type=dual_-1|frame_transition=102|terminal_stop_codon=no, ensembl_transcript_id=ENST00000619898.5|ensembl_gene_id=ENSG00000114902.14|gene_name=SPCS1|tmd_start=45|tmd_end=64|tmd_seq=FGWTVYIVMAGFAFSCLLTL|ss_nuc_start=300|ss_seq=AAATAAT|tmd-SS_gap_size=36|ensembl_uniprot_annotation=No_uniprot_annotation|blastp_uniprot_annotation=Q9Y6A9|transcript_canonical_status=Canonical|TMD_dG_app=-0.89|SS_dG_fs=2.14|stem_loop_presence=No|fs_type=hungry_-1|frame_transition=101|terminal_stop_codon=yes, ensembl_transcript_id=ENST00000619898.5|ensembl_gene_id=ENSG00000114902.14|gene_name=SPCS1|tmd_start=45|tmd_end=64|tmd_seq=FGWTVYIVMAGFAFSCLLTL|ss_nuc_start=300|ss_seq=AAATAAT|tmd-SS_gap_size=36|ensembl_uniprot_annotation=No_uniprot_annotation|blastp_uniprot_annotation=Q9Y6A9|transcript_canonical_status=Canonical|TMD_dG_app=-0.89|SS_dG_fs=2.14|stem_loop_presence=No|fs_type=hungry_-2|frame_transition=101|terminal_stop_codon=no
